identity,source_path,aligned_path,split,group_id,confidence,success,error
Abhiram,C:\Users\main\Frentzen\Project\ISD\frentzen\frentzen\training_images_augmented_v2\Abhiram\aug_vid0_frame00495_photometric_0445.jpg,C:\Users\main\Frentzen\Project\ISD\frentzen\frentzen\artifacts\aligned_faces\enrollment\Abhiram\vid0_frame00495_aug_vid0_frame00495_photometric_0445.jpg,enrollment,vid0_frame00495,,false,No face detected.
Abhiram,C:\Users\main\Frentzen\Project\ISD\frentzen\frentzen\training_images_augmented_v2\Abhiram\aug_vid0_frame00435_photometric_0012.jpg,C:\Users\main\Frentzen\Project\ISD\frentzen\frentzen\artifacts\aligned_faces\enrollment\Abhiram\vid0_frame00435_aug_vid0_frame00435_photometric_0012.jpg,enrollment,vid0_frame00435,,false,No face detected.
Abhiram,C:\Users\main\Frentzen\Project\ISD\frentzen\frentzen\training_images_augmented_v2\Abhiram\aug_vid0_frame00650_photometric_0265.jpg,C:\Users\main\Frentzen\Project\ISD\frentzen\frentzen\artifacts\aligned_faces\enrollment\Abhiram\vid0_frame00650_aug_vid0_frame00650_photometric_0265.jpg,enrollment,vid0_frame00650,,false,No face detected.
Abhiram,C:\Users\main\Frentzen\Project\ISD\frentzen\frentzen\training_images_augmented_v2\Abhiram\aug_vid0_frame00285_photometric_0120.jpg,C:\Users\main\Frentzen\Project\ISD\frentzen\frentzen\artifacts\aligned_faces\enrollment\Abhiram\vid0_frame00285_aug_vid0_frame00285_photometric_0120.jpg,enrollment,vid0_frame00285,,false,No face detected.
Abhiram,C:\Users\main\Frentzen\Project\ISD\frentzen\frentzen\training_images_augmented_v2\Abhiram\aug_vid0_frame00135_combined_0366.jpg,C:\Users\main\Frentzen\Project\ISD\frentzen\frentzen\artifacts\aligned_faces\enrollment\Abhiram\vid0_frame00135_aug_vid0_frame00135_combined_0366.jpg,enrollment,vid0_frame00135,,false,No face detected.
Abhiram,C:\Users\main\Frentzen\Project\ISD\frentzen\frentzen\training_images_augmented_v2\Abhiram\aug_vid0_frame00720_combined_0446.jpg,C:\Users\main\Frentzen\Project\ISD\frentzen\frentzen\artifacts\aligned_faces\enrollment\Abhiram\vid0_frame00720_aug_vid0_frame00720_combined_0446.jpg,enrollment,vid0_frame00720,,false,No face detected.
Abhiram,C:\Users\main\Frentzen\Project\ISD\frentzen\frentzen\training_images_augmented_v2\Abhiram\aug_vid0_frame00625_photometric_0444.jpg,C:\Users\main\Frentzen\Project\ISD\frentzen\frentzen\artifacts\aligned_faces\validation\Abhiram\vid0_frame00625_aug_vid0_frame00625_photometric_0444.jpg,validation,vid0_frame00625,,false,No face detected.
Abhiram,C:\Users\main\Frentzen\Project\ISD\frentzen\frentzen\training_images_augmented_v2\Abhiram\aug_vid0_frame00360_photometric_0348.jpg,C:\Users\main\Frentzen\Project\ISD\frentzen\frentzen\artifacts\aligned_faces\validation\Abhiram\vid0_frame00360_aug_vid0_frame00360_photometric_0348.jpg,validation,vid0_frame00360,,false,No face detected.
Abhiram,C:\Users\main\Frentzen\Project\ISD\frentzen\frentzen\training_images_augmented_v2\Abhiram\aug_vid0_frame00375_photometric_0112.jpg,C:\Users\main\Frentzen\Project\ISD\frentzen\frentzen\artifacts\aligned_faces\test\Abhiram\vid0_frame00375_aug_vid0_frame00375_photometric_0112.jpg,test,vid0_frame00375,,false,No face detected.
Abhiram,C:\Users\main\Frentzen\Project\ISD\frentzen\frentzen\training_images_augmented_v2\Abhiram\aug_vid0_frame00185_photometric_0427.jpg,C:\Users\main\Frentzen\Project\ISD\frentzen\frentzen\artifacts\aligned_faces\test\Abhiram\vid0_frame00185_aug_vid0_frame00185_photometric_0427.jpg,test,vid0_frame00185,,false,No face detected.
Frentzen,C:\Users\main\Frentzen\Project\ISD\frentzen\frentzen\training_images_augmented_v2\Frentzen\aug_vid0_frame00159_photometric_0357.jpg,C:\Users\main\Frentzen\Project\ISD\frentzen\frentzen\artifacts\aligned_faces\enrollment\Frentzen\vid0_frame00159_aug_vid0_frame00159_photometric_0357.jpg,enrollment,vid0_frame00159,,false,No face detected.
Frentzen,C:\Users\main\Frentzen\Project\ISD\frentzen\frentzen\training_images_augmented_v2\Frentzen\aug_vid0_frame00054_photometric_0405.jpg,C:\Users\main\Frentzen\Project\ISD\frentzen\frentzen\artifacts\aligned_faces\enrollment\Frentzen\vid0_frame00054_aug_vid0_frame00054_photometric_0405.jpg,enrollment,vid0_frame00054,,false,No face detected.
Frentzen,C:\Users\main\Frentzen\Project\ISD\frentzen\frentzen\training_images_augmented_v2\Frentzen\aug_vid0_frame00069_photometric_0267.jpg,C:\Users\main\Frentzen\Project\ISD\frentzen\frentzen\artifacts\aligned_faces\enrollment\Frentzen\vid0_frame00069_aug_vid0_frame00069_photometric_0267.jpg,enrollment,vid0_frame00069,,false,No face detected.
Frentzen,C:\Users\main\Frentzen\Project\ISD\frentzen\frentzen\training_images_augmented_v2\Frentzen\aug_vid0_frame00192_fog_0191.jpg,C:\Users\main\Frentzen\Project\ISD\frentzen\frentzen\artifacts\aligned_faces\enrollment\Frentzen\vid0_frame00192_aug_vid0_frame00192_fog_0191.jpg,enrollment,vid0_frame00192,,false,No face detected.
Frentzen,C:\Users\main\Frentzen\Project\ISD\frentzen\frentzen\training_images_augmented_v2\Frentzen\aug_vid0_frame00276_photometric_0440.jpg,C:\Users\main\Frentzen\Project\ISD\frentzen\frentzen\artifacts\aligned_faces\enrollment\Frentzen\vid0_frame00276_aug_vid0_frame00276_photometric_0440.jpg,enrollment,vid0_frame00276,,false,No face detected.
Frentzen,C:\Users\main\Frentzen\Project\ISD\frentzen\frentzen\training_images_augmented_v2\Frentzen\aug_vid0_frame00066_snow_0199.jpg,C:\Users\main\Frentzen\Project\ISD\frentzen\frentzen\artifacts\aligned_faces\enrollment\Frentzen\vid0_frame00066_aug_vid0_frame00066_snow_0199.jpg,enrollment,vid0_frame00066,,false,No face detected.
Frentzen,C:\Users\main\Frentzen\Project\ISD\frentzen\frentzen\training_images_augmented_v2\Frentzen\aug_vid0_frame00105_fog_0224.jpg,C:\Users\main\Frentzen\Project\ISD\frentzen\frentzen\artifacts\aligned_faces\enrollment\Frentzen\vid0_frame00105_aug_vid0_frame00105_fog_0224.jpg,enrollment,vid0_frame00105,,false,No face detected.
Frentzen,C:\Users\main\Frentzen\Project\ISD\frentzen\frentzen\training_images_augmented_v2\Frentzen\aug_vid0_frame00267_photometric_0325.jpg,C:\Users\main\Frentzen\Project\ISD\frentzen\frentzen\artifacts\aligned_faces\enrollment\Frentzen\vid0_frame00267_aug_vid0_frame00267_photometric_0325.jpg,enrollment,vid0_frame00267,,false,No face detected.
Frentzen,C:\Users\main\Frentzen\Project\ISD\frentzen\frentzen\training_images_augmented_v2\Frentzen\aug_vid0_frame00252_rain_0057.jpg,C:\Users\main\Frentzen\Project\ISD\frentzen\frentzen\artifacts\aligned_faces\validation\Frentzen\vid0_frame00252_aug_vid0_frame00252_rain_0057.jpg,validation,vid0_frame00252,,false,No face detected.
Frentzen,C:\Users\main\Frentzen\Project\ISD\frentzen\frentzen\training_images_augmented_v2\Frentzen\aug_vid0_frame00270_fog_0043.jpg,C:\Users\main\Frentzen\Project\ISD\frentzen\frentzen\artifacts\aligned_faces\validation\Frentzen\vid0_frame00270_aug_vid0_frame00270_fog_0043.jpg,validation,vid0_frame00270,,false,No face detected.
Frentzen,C:\Users\main\Frentzen\Project\ISD\frentzen\frentzen\training_images_augmented_v2\Frentzen\aug_vid0_frame00270_rain_0435.jpg,C:\Users\main\Frentzen\Project\ISD\frentzen\frentzen\artifacts\aligned_faces\validation\Frentzen\vid0_frame00270_aug_vid0_frame00270_rain_0435.jpg,validation,vid0_frame00270,,false,No face detected.
Frentzen,C:\Users\main\Frentzen\Project\ISD\frentzen\frentzen\training_images_augmented_v2\Frentzen\aug_vid0_frame00201_fog_0167.jpg,C:\Users\main\Frentzen\Project\ISD\frentzen\frentzen\artifacts\aligned_faces\validation\Frentzen\vid0_frame00201_aug_vid0_frame00201_fog_0167.jpg,validation,vid0_frame00201,,false,No face detected.
Frentzen,C:\Users\main\Frentzen\Project\ISD\frentzen\frentzen\training_images_augmented_v2\Frentzen\aug_vid0_frame00075_fog_0241.jpg,C:\Users\main\Frentzen\Project\ISD\frentzen\frentzen\artifacts\aligned_faces\validation\Frentzen\vid0_frame00075_aug_vid0_frame00075_fog_0241.jpg,validation,vid0_frame00075,,false,No face detected.
Frentzen,C:\Users\main\Frentzen\Project\ISD\frentzen\frentzen\training_images_augmented_v2\Frentzen\aug_vid0_frame00063_photometric_0071.jpg,C:\Users\main\Frentzen\Project\ISD\frentzen\frentzen\artifacts\aligned_faces\validation\Frentzen\vid0_frame00063_aug_vid0_frame00063_photometric_0071.jpg,validation,vid0_frame00063,,false,No face detected.
Frentzen,C:\Users\main\Frentzen\Project\ISD\frentzen\frentzen\training_images_augmented_v2\Frentzen\aug_vid0_frame00261_fog_0001.jpg,C:\Users\main\Frentzen\Project\ISD\frentzen\frentzen\artifacts\aligned_faces\test\Frentzen\vid0_frame00261_aug_vid0_frame00261_fog_0001.jpg,test,vid0_frame00261,,false,No face detected.
Frentzen,C:\Users\main\Frentzen\Project\ISD\frentzen\frentzen\training_images_augmented_v2\Frentzen\aug_vid0_frame00210_fog_0174.jpg,C:\Users\main\Frentzen\Project\ISD\frentzen\frentzen\artifacts\aligned_faces\test\Frentzen\vid0_frame00210_aug_vid0_frame00210_fog_0174.jpg,test,vid0_frame00210,,false,No face detected.
Frentzen,C:\Users\main\Frentzen\Project\ISD\frentzen\frentzen\training_images_augmented_v2\Frentzen\aug_vid0_frame00327_photometric_0075.jpg,C:\Users\main\Frentzen\Project\ISD\frentzen\frentzen\artifacts\aligned_faces\test\Frentzen\vid0_frame00327_aug_vid0_frame00327_photometric_0075.jpg,test,vid0_frame00327,,false,No face detected.
Frentzen,C:\Users\main\Frentzen\Project\ISD\frentzen\frentzen\training_images_augmented_v2\Frentzen\aug_vid0_frame00189_fog_0200.jpg,C:\Users\main\Frentzen\Project\ISD\frentzen\frentzen\artifacts\aligned_faces\test\Frentzen\vid0_frame00189_aug_vid0_frame00189_fog_0200.jpg,test,vid0_frame00189,,false,No face detected.
Frentzen,C:\Users\main\Frentzen\Project\ISD\frentzen\frentzen\training_images_augmented_v2\Frentzen\aug_vid0_frame00186_fog_0305.jpg,C:\Users\main\Frentzen\Project\ISD\frentzen\frentzen\artifacts\aligned_faces\test\Frentzen\vid0_frame00186_aug_vid0_frame00186_fog_0305.jpg,test,vid0_frame00186,,false,No face detected.
Jessica,C:\Users\main\Frentzen\Project\ISD\frentzen\frentzen\training_images_augmented_v2\Jessica\aug_vid0_frame00705_photometric_0410.jpg,C:\Users\main\Frentzen\Project\ISD\frentzen\frentzen\artifacts\aligned_faces\enrollment\Jessica\vid0_frame00705_aug_vid0_frame00705_photometric_0410.jpg,enrollment,vid0_frame00705,,false,No face detected.
Jessica,C:\Users\main\Frentzen\Project\ISD\frentzen\frentzen\training_images_augmented_v2\Jessica\aug_vid0_frame00560_photometric_0438.jpg,C:\Users\main\Frentzen\Project\ISD\frentzen\frentzen\artifacts\aligned_faces\test\Jessica\vid0_frame00560_aug_vid0_frame00560_photometric_0438.jpg,test,vid0_frame00560,,false,No face detected.
Marcus,C:\Users\main\Frentzen\Project\ISD\frentzen\frentzen\training_images_augmented_v2\Marcus\aug_vid3_frame00126_combined_0085.jpg,C:\Users\main\Frentzen\Project\ISD\frentzen\frentzen\artifacts\aligned_faces\enrollment\Marcus\vid3_frame00126_aug_vid3_frame00126_combined_0085.jpg,enrollment,vid3_frame00126,,false,No face detected.
Marcus,C:\Users\main\Frentzen\Project\ISD\frentzen\frentzen\training_images_augmented_v2\Marcus\aug_vid3_frame00126_photometric_0095.jpg,C:\Users\main\Frentzen\Project\ISD\frentzen\frentzen\artifacts\aligned_faces\enrollment\Marcus\vid3_frame00126_aug_vid3_frame00126_photometric_0095.jpg,enrollment,vid3_frame00126,,false,No face detected.
Marcus,C:\Users\main\Frentzen\Project\ISD\frentzen\frentzen\training_images_augmented_v2\Marcus\aug_vid3_frame00126_rain_0323.jpg,C:\Users\main\Frentzen\Project\ISD\frentzen\frentzen\artifacts\aligned_faces\enrollment\Marcus\vid3_frame00126_aug_vid3_frame00126_rain_0323.jpg,enrollment,vid3_frame00126,,false,No face detected.
Marcus,C:\Users\main\Frentzen\Project\ISD\frentzen\frentzen\training_images_augmented_v2\Marcus\aug_vid3_frame00126_rain_0350.jpg,C:\Users\main\Frentzen\Project\ISD\frentzen\frentzen\artifacts\aligned_faces\enrollment\Marcus\vid3_frame00126_aug_vid3_frame00126_rain_0350.jpg,enrollment,vid3_frame00126,,false,No face detected.
Marcus,C:\Users\main\Frentzen\Project\ISD\frentzen\frentzen\training_images_augmented_v2\Marcus\aug_vid3_frame00112_combined_0431.jpg,C:\Users\main\Frentzen\Project\ISD\frentzen\frentzen\artifacts\aligned_faces\enrollment\Marcus\vid3_frame00112_aug_vid3_frame00112_combined_0431.jpg,enrollment,vid3_frame00112,,false,No face detected.
Marcus,C:\Users\main\Frentzen\Project\ISD\frentzen\frentzen\training_images_augmented_v2\Marcus\aug_vid3_frame00364_fog_0370.jpg,C:\Users\main\Frentzen\Project\ISD\frentzen\frentzen\artifacts\aligned_faces\enrollment\Marcus\vid3_frame00364_aug_vid3_frame00364_fog_0370.jpg,enrollment,vid3_frame00364,,false,No face detected.
Marcus,C:\Users\main\Frentzen\Project\ISD\frentzen\frentzen\training_images_augmented_v2\Marcus\aug_vid1_frame00081_fog_0165.jpg,C:\Users\main\Frentzen\Project\ISD\frentzen\frentzen\artifacts\aligned_faces\validation\Marcus\vid1_frame00081_aug_vid1_frame00081_fog_0165.jpg,validation,vid1_frame00081,,false,No face detected.
Marcus,C:\Users\main\Frentzen\Project\ISD\frentzen\frentzen\training_images_augmented_v2\Marcus\aug_vid1_frame00081_fog_0349.jpg,C:\Users\main\Frentzen\Project\ISD\frentzen\frentzen\artifacts\aligned_faces\validation\Marcus\vid1_frame00081_aug_vid1_frame00081_fog_0349.jpg,validation,vid1_frame00081,,false,No face detected.
Marcus,C:\Users\main\Frentzen\Project\ISD\frentzen\frentzen\training_images_augmented_v2\Marcus\aug_vid3_frame00420_photometric_0346.jpg,C:\Users\main\Frentzen\Project\ISD\frentzen\frentzen\artifacts\aligned_faces\validation\Marcus\vid3_frame00420_aug_vid3_frame00420_photometric_0346.jpg,validation,vid3_frame00420,,false,No face detected.
Marcus,C:\Users\main\Frentzen\Project\ISD\frentzen\frentzen\training_images_augmented_v2\Marcus\aug_vid3_frame00350_photometric_0126.jpg,C:\Users\main\Frentzen\Project\ISD\frentzen\frentzen\artifacts\aligned_faces\validation\Marcus\vid3_frame00350_aug_vid3_frame00350_photometric_0126.jpg,validation,vid3_frame00350,,false,No face detected.
Ninad,C:\Users\main\Frentzen\Project\ISD\frentzen\frentzen\training_images_augmented_v2\Ninad\aug_vid0_frame00435_photometric_0125.jpg,C:\Users\main\Frentzen\Project\ISD\frentzen\frentzen\artifacts\aligned_faces\enrollment\Ninad\vid0_frame00435_aug_vid0_frame00435_photometric_0125.jpg,enrollment,vid0_frame00435,,false,No face detected.
Ninad,C:\Users\main\Frentzen\Project\ISD\frentzen\frentzen\training_images_augmented_v2\Ninad\aug_vid0_frame00348_combined_0332.jpg,C:\Users\main\Frentzen\Project\ISD\frentzen\frentzen\artifacts\aligned_faces\enrollment\Ninad\vid0_frame00348_aug_vid0_frame00348_combined_0332.jpg,enrollment,vid0_frame00348,,false,No face detected.
Ninad,C:\Users\main\Frentzen\Project\ISD\frentzen\frentzen\training_images_augmented_v2\Ninad\aug_vid0_frame00351_combined_0368.jpg,C:\Users\main\Frentzen\Project\ISD\frentzen\frentzen\artifacts\aligned_faces\enrollment\Ninad\vid0_frame00351_aug_vid0_frame00351_combined_0368.jpg,enrollment,vid0_frame00351,,false,No face detected.
Ninad,C:\Users\main\Frentzen\Project\ISD\frentzen\frentzen\training_images_augmented_v2\Ninad\aug_vid0_frame00351_photometric_0096.jpg,C:\Users\main\Frentzen\Project\ISD\frentzen\frentzen\artifacts\aligned_faces\enrollment\Ninad\vid0_frame00351_aug_vid0_frame00351_photometric_0096.jpg,enrollment,vid0_frame00351,,false,No face detected.
Ninad,C:\Users\main\Frentzen\Project\ISD\frentzen\frentzen\training_images_augmented_v2\Ninad\aug_vid0_frame00096_photometric_0349.jpg,C:\Users\main\Frentzen\Project\ISD\frentzen\frentzen\artifacts\aligned_faces\enrollment\Ninad\vid0_frame00096_aug_vid0_frame00096_photometric_0349.jpg,enrollment,vid0_frame00096,,false,No face detected.
Ninad,C:\Users\main\Frentzen\Project\ISD\frentzen\frentzen\training_images_augmented_v2\Ninad\aug_vid0_frame00420_snow_0390.jpg,C:\Users\main\Frentzen\Project\ISD\frentzen\frentzen\artifacts\aligned_faces\enrollment\Ninad\vid0_frame00420_aug_vid0_frame00420_snow_0390.jpg,enrollment,vid0_frame00420,,false,No face detected.
Ninad,C:\Users\main\Frentzen\Project\ISD\frentzen\frentzen\training_images_augmented_v2\Ninad\aug_vid0_frame00132_snow_0367.jpg,C:\Users\main\Frentzen\Project\ISD\frentzen\frentzen\artifacts\aligned_faces\enrollment\Ninad\vid0_frame00132_aug_vid0_frame00132_snow_0367.jpg,enrollment,vid0_frame00132,,false,No face detected.
Ninad,C:\Users\main\Frentzen\Project\ISD\frentzen\frentzen\training_images_augmented_v2\Ninad\aug_vid0_frame00216_fog_0058.jpg,C:\Users\main\Frentzen\Project\ISD\frentzen\frentzen\artifacts\aligned_faces\enrollment\Ninad\vid0_frame00216_aug_vid0_frame00216_fog_0058.jpg,enrollment,vid0_frame00216,,false,No face detected.
Ninad,C:\Users\main\Frentzen\Project\ISD\frentzen\frentzen\training_images_augmented_v2\Ninad\aug_vid0_frame00036_photometric_0134.jpg,C:\Users\main\Frentzen\Project\ISD\frentzen\frentzen\artifacts\aligned_faces\enrollment\Ninad\vid0_frame00036_aug_vid0_frame00036_photometric_0134.jpg,enrollment,vid0_frame00036,,false,No face detected.
Ninad,C:\Users\main\Frentzen\Project\ISD\frentzen\frentzen\training_images_augmented_v2\Ninad\aug_vid0_frame00036_snow_0351.jpg,C:\Users\main\Frentzen\Project\ISD\frentzen\frentzen\artifacts\aligned_faces\enrollment\Ninad\vid0_frame00036_aug_vid0_frame00036_snow_0351.jpg,enrollment,vid0_frame00036,,false,No face detected.
Ninad,C:\Users\main\Frentzen\Project\ISD\frentzen\frentzen\training_images_augmented_v2\Ninad\aug_vid0_frame00012_photometric_0129.jpg,C:\Users\main\Frentzen\Project\ISD\frentzen\frentzen\artifacts\aligned_faces\enrollment\Ninad\vid0_frame00012_aug_vid0_frame00012_photometric_0129.jpg,enrollment,vid0_frame00012,,false,No face detected.
Ninad,C:\Users\main\Frentzen\Project\ISD\frentzen\frentzen\training_images_augmented_v2\Ninad\aug_vid0_frame00336_combined_0211.jpg,C:\Users\main\Frentzen\Project\ISD\frentzen\frentzen\artifacts\aligned_faces\enrollment\Ninad\vid0_frame00336_aug_vid0_frame00336_combined_0211.jpg,enrollment,vid0_frame00336,,false,No face detected.
Ninad,C:\Users\main\Frentzen\Project\ISD\frentzen\frentzen\training_images_augmented_v2\Ninad\aug_vid0_frame00252_photometric_0235.jpg,C:\Users\main\Frentzen\Project\ISD\frentzen\frentzen\artifacts\aligned_faces\enrollment\Ninad\vid0_frame00252_aug_vid0_frame00252_photometric_0235.jpg,enrollment,vid0_frame00252,,false,No face detected.
Ninad,C:\Users\main\Frentzen\Project\ISD\frentzen\frentzen\training_images_augmented_v2\Ninad\aug_vid0_frame00087_photometric_0069.jpg,C:\Users\main\Frentzen\Project\ISD\frentzen\frentzen\artifacts\aligned_faces\enrollment\Ninad\vid0_frame00087_aug_vid0_frame00087_photometric_0069.jpg,enrollment,vid0_frame00087,,false,No face detected.
Ninad,C:\Users\main\Frentzen\Project\ISD\frentzen\frentzen\training_images_augmented_v2\Ninad\aug_vid0_frame00069_rain_0128.jpg,C:\Users\main\Frentzen\Project\ISD\frentzen\frentzen\artifacts\aligned_faces\enrollment\Ninad\vid0_frame00069_aug_vid0_frame00069_rain_0128.jpg,enrollment,vid0_frame00069,,false,No face detected.
Ninad,C:\Users\main\Frentzen\Project\ISD\frentzen\frentzen\training_images_augmented_v2\Ninad\aug_vid0_frame00168_rain_0135.jpg,C:\Users\main\Frentzen\Project\ISD\frentzen\frentzen\artifacts\aligned_faces\enrollment\Ninad\vid0_frame00168_aug_vid0_frame00168_rain_0135.jpg,enrollment,vid0_frame00168,,false,No face detected.
Ninad,C:\Users\main\Frentzen\Project\ISD\frentzen\frentzen\training_images_augmented_v2\Ninad\aug_vid0_frame00294_photometric_0034.jpg,C:\Users\main\Frentzen\Project\ISD\frentzen\frentzen\artifacts\aligned_faces\enrollment\Ninad\vid0_frame00294_aug_vid0_frame00294_photometric_0034.jpg,enrollment,vid0_frame00294,,false,No face detected.
Ninad,C:\Users\main\Frentzen\Project\ISD\frentzen\frentzen\training_images_augmented_v2\Ninad\aug_vid0_frame00231_combined_0308.jpg,C:\Users\main\Frentzen\Project\ISD\frentzen\frentzen\artifacts\aligned_faces\enrollment\Ninad\vid0_frame00231_aug_vid0_frame00231_combined_0308.jpg,enrollment,vid0_frame00231,,false,No face detected.
Ninad,C:\Users\main\Frentzen\Project\ISD\frentzen\frentzen\training_images_augmented_v2\Ninad\aug_vid0_frame00156_photometric_0257.jpg,C:\Users\main\Frentzen\Project\ISD\frentzen\frentzen\artifacts\aligned_faces\validation\Ninad\vid0_frame00156_aug_vid0_frame00156_photometric_0257.jpg,validation,vid0_frame00156,,false,No face detected.
Ninad,C:\Users\main\Frentzen\Project\ISD\frentzen\frentzen\training_images_augmented_v2\Ninad\aug_vid0_frame00171_fog_0404.jpg,C:\Users\main\Frentzen\Project\ISD\frentzen\frentzen\artifacts\aligned_faces\validation\Ninad\vid0_frame00171_aug_vid0_frame00171_fog_0404.jpg,validation,vid0_frame00171,,false,No face detected.
Ninad,C:\Users\main\Frentzen\Project\ISD\frentzen\frentzen\training_images_augmented_v2\Ninad\aug_vid0_frame00171_photometric_0270.jpg,C:\Users\main\Frentzen\Project\ISD\frentzen\frentzen\artifacts\aligned_faces\validation\Ninad\vid0_frame00171_aug_vid0_frame00171_photometric_0270.jpg,validation,vid0_frame00171,,false,No face detected.
Ninad,C:\Users\main\Frentzen\Project\ISD\frentzen\frentzen\training_images_augmented_v2\Ninad\aug_vid0_frame00291_combined_0059.jpg,C:\Users\main\Frentzen\Project\ISD\frentzen\frentzen\artifacts\aligned_faces\validation\Ninad\vid0_frame00291_aug_vid0_frame00291_combined_0059.jpg,validation,vid0_frame00291,,false,No face detected.
Ninad,C:\Users\main\Frentzen\Project\ISD\frentzen\frentzen\training_images_augmented_v2\Ninad\aug_vid0_frame00084_fog_0231.jpg,C:\Users\main\Frentzen\Project\ISD\frentzen\frentzen\artifacts\aligned_faces\validation\Ninad\vid0_frame00084_aug_vid0_frame00084_fog_0231.jpg,validation,vid0_frame00084,,false,No face detected.
Ninad,C:\Users\main\Frentzen\Project\ISD\frentzen\frentzen\training_images_augmented_v2\Ninad\aug_vid0_frame00084_photometric_0382.jpg,C:\Users\main\Frentzen\Project\ISD\frentzen\frentzen\artifacts\aligned_faces\validation\Ninad\vid0_frame00084_aug_vid0_frame00084_photometric_0382.jpg,validation,vid0_frame00084,,false,No face detected.
Ninad,C:\Users\main\Frentzen\Project\ISD\frentzen\frentzen\training_images_augmented_v2\Ninad\aug_vid0_frame00144_photometric_0042.jpg,C:\Users\main\Frentzen\Project\ISD\frentzen\frentzen\artifacts\aligned_faces\validation\Ninad\vid0_frame00144_aug_vid0_frame00144_photometric_0042.jpg,validation,vid0_frame00144,,false,No face detected.
Ninad,C:\Users\main\Frentzen\Project\ISD\frentzen\frentzen\training_images_augmented_v2\Ninad\aug_vid0_frame00006_photometric_0103.jpg,C:\Users\main\Frentzen\Project\ISD\frentzen\frentzen\artifacts\aligned_faces\validation\Ninad\vid0_frame00006_aug_vid0_frame00006_photometric_0103.jpg,validation,vid0_frame00006,,false,No face detected.
Ninad,C:\Users\main\Frentzen\Project\ISD\frentzen\frentzen\training_images_augmented_v2\Ninad\aug_vid0_frame00312_photometric_0173.jpg,C:\Users\main\Frentzen\Project\ISD\frentzen\frentzen\artifacts\aligned_faces\validation\Ninad\vid0_frame00312_aug_vid0_frame00312_photometric_0173.jpg,validation,vid0_frame00312,,false,No face detected.
Ninad,C:\Users\main\Frentzen\Project\ISD\frentzen\frentzen\training_images_augmented_v2\Ninad\aug_vid0_frame00345_snow_0209.jpg,C:\Users\main\Frentzen\Project\ISD\frentzen\frentzen\artifacts\aligned_faces\test\Ninad\vid0_frame00345_aug_vid0_frame00345_snow_0209.jpg,test,vid0_frame00345,,false,No face detected.
Ninad,C:\Users\main\Frentzen\Project\ISD\frentzen\frentzen\training_images_augmented_v2\Ninad\aug_vid0_frame00147_photometric_0246.jpg,C:\Users\main\Frentzen\Project\ISD\frentzen\frentzen\artifacts\aligned_faces\test\Ninad\vid0_frame00147_aug_vid0_frame00147_photometric_0246.jpg,test,vid0_frame00147,,false,No face detected.
Ninad,C:\Users\main\Frentzen\Project\ISD\frentzen\frentzen\training_images_augmented_v2\Ninad\aug_vid0_frame00114_photometric_0074.jpg,C:\Users\main\Frentzen\Project\ISD\frentzen\frentzen\artifacts\aligned_faces\test\Ninad\vid0_frame00114_aug_vid0_frame00114_photometric_0074.jpg,test,vid0_frame00114,,false,No face detected.
Ninad,C:\Users\main\Frentzen\Project\ISD\frentzen\frentzen\training_images_augmented_v2\Ninad\aug_vid0_frame00234_photometric_0335.jpg,C:\Users\main\Frentzen\Project\ISD\frentzen\frentzen\artifacts\aligned_faces\test\Ninad\vid0_frame00234_aug_vid0_frame00234_photometric_0335.jpg,test,vid0_frame00234,,false,No face detected.
Ninad,C:\Users\main\Frentzen\Project\ISD\frentzen\frentzen\training_images_augmented_v2\Ninad\aug_vid0_frame00204_photometric_0228.jpg,C:\Users\main\Frentzen\Project\ISD\frentzen\frentzen\artifacts\aligned_faces\test\Ninad\vid0_frame00204_aug_vid0_frame00204_photometric_0228.jpg,test,vid0_frame00204,,false,No face detected.
Ryan,C:\Users\main\Frentzen\Project\ISD\frentzen\frentzen\training_images_augmented_v2\Ryan\aug_vid0_frame00224_combined_0345.jpg,C:\Users\main\Frentzen\Project\ISD\frentzen\frentzen\artifacts\aligned_faces\enrollment\Ryan\vid0_frame00224_aug_vid0_frame00224_combined_0345.jpg,enrollment,vid0_frame00224,,false,No face detected.
Ryan,C:\Users\main\Frentzen\Project\ISD\frentzen\frentzen\training_images_augmented_v2\Ryan\aug_vid0_frame00064_photometric_0263.jpg,C:\Users\main\Frentzen\Project\ISD\frentzen\frentzen\artifacts\aligned_faces\enrollment\Ryan\vid0_frame00064_aug_vid0_frame00064_photometric_0263.jpg,enrollment,vid0_frame00064,,false,No face detected.
Ryan,C:\Users\main\Frentzen\Project\ISD\frentzen\frentzen\training_images_augmented_v2\Ryan\aug_vid0_frame00122_photometric_0129.jpg,C:\Users\main\Frentzen\Project\ISD\frentzen\frentzen\artifacts\aligned_faces\enrollment\Ryan\vid0_frame00122_aug_vid0_frame00122_photometric_0129.jpg,enrollment,vid0_frame00122,,false,No face detected.
Ryan,C:\Users\main\Frentzen\Project\ISD\frentzen\frentzen\training_images_augmented_v2\Ryan\aug_vid0_frame00056_photometric_0217.jpg,C:\Users\main\Frentzen\Project\ISD\frentzen\frentzen\artifacts\aligned_faces\enrollment\Ryan\vid0_frame00056_aug_vid0_frame00056_photometric_0217.jpg,enrollment,vid0_frame00056,,false,No face detected.
Ryan,C:\Users\main\Frentzen\Project\ISD\frentzen\frentzen\training_images_augmented_v2\Ryan\aug_vid0_frame00070_fog_0389.jpg,C:\Users\main\Frentzen\Project\ISD\frentzen\frentzen\artifacts\aligned_faces\enrollment\Ryan\vid0_frame00070_aug_vid0_frame00070_fog_0389.jpg,enrollment,vid0_frame00070,,false,No face detected.
Ryan,C:\Users\main\Frentzen\Project\ISD\frentzen\frentzen\training_images_augmented_v2\Ryan\aug_vid0_frame00018_photometric_0048.jpg,C:\Users\main\Frentzen\Project\ISD\frentzen\frentzen\artifacts\aligned_faces\enrollment\Ryan\vid0_frame00018_aug_vid0_frame00018_photometric_0048.jpg,enrollment,vid0_frame00018,,false,No face detected.
Ryan,C:\Users\main\Frentzen\Project\ISD\frentzen\frentzen\training_images_augmented_v2\Ryan\aug_vid0_frame00126_snow_0061.jpg,C:\Users\main\Frentzen\Project\ISD\frentzen\frentzen\artifacts\aligned_faces\enrollment\Ryan\vid0_frame00126_aug_vid0_frame00126_snow_0061.jpg,enrollment,vid0_frame00126,,false,No face detected.
Ryan,C:\Users\main\Frentzen\Project\ISD\frentzen\frentzen\training_images_augmented_v2\Ryan\aug_vid0_frame00126_snow_0091.jpg,C:\Users\main\Frentzen\Project\ISD\frentzen\frentzen\artifacts\aligned_faces\enrollment\Ryan\vid0_frame00126_aug_vid0_frame00126_snow_0091.jpg,enrollment,vid0_frame00126,,false,No face detected.
Ryan,C:\Users\main\Frentzen\Project\ISD\frentzen\frentzen\training_images_augmented_v2\Ryan\aug_vid0_frame00066_fog_0108.jpg,C:\Users\main\Frentzen\Project\ISD\frentzen\frentzen\artifacts\aligned_faces\validation\Ryan\vid0_frame00066_aug_vid0_frame00066_fog_0108.jpg,validation,vid0_frame00066,,false,No face detected.
Ryan,C:\Users\main\Frentzen\Project\ISD\frentzen\frentzen\training_images_augmented_v2\Ryan\aug_vid0_frame00066_fog_0205.jpg,C:\Users\main\Frentzen\Project\ISD\frentzen\frentzen\artifacts\aligned_faces\validation\Ryan\vid0_frame00066_aug_vid0_frame00066_fog_0205.jpg,validation,vid0_frame00066,,false,No face detected.
Ryan,C:\Users\main\Frentzen\Project\ISD\frentzen\frentzen\training_images_augmented_v2\Ryan\aug_vid0_frame00066_rain_0001.jpg,C:\Users\main\Frentzen\Project\ISD\frentzen\frentzen\artifacts\aligned_faces\validation\Ryan\vid0_frame00066_aug_vid0_frame00066_rain_0001.jpg,validation,vid0_frame00066,,false,No face detected.
Ryan,C:\Users\main\Frentzen\Project\ISD\frentzen\frentzen\training_images_augmented_v2\Ryan\aug_vid0_frame00212_photometric_0011.jpg,C:\Users\main\Frentzen\Project\ISD\frentzen\frentzen\artifacts\aligned_faces\validation\Ryan\vid0_frame00212_aug_vid0_frame00212_photometric_0011.jpg,validation,vid0_frame00212,,false,No face detected.
Ryan,C:\Users\main\Frentzen\Project\ISD\frentzen\frentzen\training_images_augmented_v2\Ryan\aug_vid0_frame00182_photometric_0289.jpg,C:\Users\main\Frentzen\Project\ISD\frentzen\frentzen\artifacts\aligned_faces\test\Ryan\vid0_frame00182_aug_vid0_frame00182_photometric_0289.jpg,test,vid0_frame00182,,false,No face detected.
Ryan,C:\Users\main\Frentzen\Project\ISD\frentzen\frentzen\training_images_augmented_v2\Ryan\aug_vid0_frame00060_rain_0225.jpg,C:\Users\main\Frentzen\Project\ISD\frentzen\frentzen\artifacts\aligned_faces\test\Ryan\vid0_frame00060_aug_vid0_frame00060_rain_0225.jpg,test,vid0_frame00060,,false,No face detected.
Ryan,C:\Users\main\Frentzen\Project\ISD\frentzen\frentzen\training_images_augmented_v2\Ryan\aug_vid0_frame00188_photometric_0064.jpg,C:\Users\main\Frentzen\Project\ISD\frentzen\frentzen\artifacts\aligned_faces\test\Ryan\vid0_frame00188_aug_vid0_frame00188_photometric_0064.jpg,test,vid0_frame00188,,false,No face detected.
Sasi,C:\Users\main\Frentzen\Project\ISD\frentzen\frentzen\training_images_augmented_v2\Sasi\raw_vid0_frame00238.jpg,C:\Users\main\Frentzen\Project\ISD\frentzen\frentzen\artifacts\aligned_faces\enrollment\Sasi\vid0_frame00238_raw_vid0_frame00238.jpg,enrollment,vid0_frame00238,,false,No face detected.
Sasi,C:\Users\main\Frentzen\Project\ISD\frentzen\frentzen\training_images_augmented_v2\Sasi\aug_vid0_frame00088_photometric_0446.jpg,C:\Users\main\Frentzen\Project\ISD\frentzen\frentzen\artifacts\aligned_faces\enrollment\Sasi\vid0_frame00088_aug_vid0_frame00088_photometric_0446.jpg,enrollment,vid0_frame00088,,false,No face detected.
Sasi,C:\Users\main\Frentzen\Project\ISD\frentzen\frentzen\training_images_augmented_v2\Sasi\aug_vid0_frame00046_fog_0253.jpg,C:\Users\main\Frentzen\Project\ISD\frentzen\frentzen\artifacts\aligned_faces\enrollment\Sasi\vid0_frame00046_aug_vid0_frame00046_fog_0253.jpg,enrollment,vid0_frame00046,,false,No face detected.
Sasi,C:\Users\main\Frentzen\Project\ISD\frentzen\frentzen\training_images_augmented_v2\Sasi\aug_vid0_frame00308_rain_0232.jpg,C:\Users\main\Frentzen\Project\ISD\frentzen\frentzen\artifacts\aligned_faces\enrollment\Sasi\vid0_frame00308_aug_vid0_frame00308_rain_0232.jpg,enrollment,vid0_frame00308,,false,No face detected.
Sasi,C:\Users\main\Frentzen\Project\ISD\frentzen\frentzen\training_images_augmented_v2\Sasi\aug_vid0_frame00298_combined_0259.jpg,C:\Users\main\Frentzen\Project\ISD\frentzen\frentzen\artifacts\aligned_faces\enrollment\Sasi\vid0_frame00298_aug_vid0_frame00298_combined_0259.jpg,enrollment,vid0_frame00298,,false,No face detected.
Sasi,C:\Users\main\Frentzen\Project\ISD\frentzen\frentzen\training_images_augmented_v2\Sasi\aug_vid0_frame00152_fog_0264.jpg,C:\Users\main\Frentzen\Project\ISD\frentzen\frentzen\artifacts\aligned_faces\enrollment\Sasi\vid0_frame00152_aug_vid0_frame00152_fog_0264.jpg,enrollment,vid0_frame00152,,false,No face detected.
Sasi,C:\Users\main\Frentzen\Project\ISD\frentzen\frentzen\training_images_augmented_v2\Sasi\aug_vid0_frame00318_fog_0265.jpg,C:\Users\main\Frentzen\Project\ISD\frentzen\frentzen\artifacts\aligned_faces\enrollment\Sasi\vid0_frame00318_aug_vid0_frame00318_fog_0265.jpg,enrollment,vid0_frame00318,,false,No face detected.
Sasi,C:\Users\main\Frentzen\Project\ISD\frentzen\frentzen\training_images_augmented_v2\Sasi\aug_vid0_frame00318_photometric_0244.jpg,C:\Users\main\Frentzen\Project\ISD\frentzen\frentzen\artifacts\aligned_faces\enrollment\Sasi\vid0_frame00318_aug_vid0_frame00318_photometric_0244.jpg,enrollment,vid0_frame00318,,false,No face detected.
Sasi,C:\Users\main\Frentzen\Project\ISD\frentzen\frentzen\training_images_augmented_v2\Sasi\aug_vid0_frame00220_photometric_0399.jpg,C:\Users\main\Frentzen\Project\ISD\frentzen\frentzen\artifacts\aligned_faces\enrollment\Sasi\vid0_frame00220_aug_vid0_frame00220_photometric_0399.jpg,enrollment,vid0_frame00220,,false,No face detected.
Sasi,C:\Users\main\Frentzen\Project\ISD\frentzen\frentzen\training_images_augmented_v2\Sasi\aug_vid0_frame00086_photometric_0067.jpg,C:\Users\main\Frentzen\Project\ISD\frentzen\frentzen\artifacts\aligned_faces\enrollment\Sasi\vid0_frame00086_aug_vid0_frame00086_photometric_0067.jpg,enrollment,vid0_frame00086,,false,No face detected.
Sasi,C:\Users\main\Frentzen\Project\ISD\frentzen\frentzen\training_images_augmented_v2\Sasi\aug_vid0_frame00132_photometric_0243.jpg,C:\Users\main\Frentzen\Project\ISD\frentzen\frentzen\artifacts\aligned_faces\enrollment\Sasi\vid0_frame00132_aug_vid0_frame00132_photometric_0243.jpg,enrollment,vid0_frame00132,,false,No face detected.
Sasi,C:\Users\main\Frentzen\Project\ISD\frentzen\frentzen\training_images_augmented_v2\Sasi\aug_vid0_frame00294_occlusion_0286.jpg,C:\Users\main\Frentzen\Project\ISD\frentzen\frentzen\artifacts\aligned_faces\enrollment\Sasi\vid0_frame00294_aug_vid0_frame00294_occlusion_0286.jpg,enrollment,vid0_frame00294,,false,No face detected.
Sasi,C:\Users\main\Frentzen\Project\ISD\frentzen\frentzen\training_images_augmented_v2\Sasi\aug_vid0_frame00310_photometric_0127.jpg,C:\Users\main\Frentzen\Project\ISD\frentzen\frentzen\artifacts\aligned_faces\enrollment\Sasi\vid0_frame00310_aug_vid0_frame00310_photometric_0127.jpg,enrollment,vid0_frame00310,,false,No face detected.
Sasi,C:\Users\main\Frentzen\Project\ISD\frentzen\frentzen\training_images_augmented_v2\Sasi\aug_vid0_frame00240_fog_0373.jpg,C:\Users\main\Frentzen\Project\ISD\frentzen\frentzen\artifacts\aligned_faces\enrollment\Sasi\vid0_frame00240_aug_vid0_frame00240_fog_0373.jpg,enrollment,vid0_frame00240,,false,No face detected.
Sasi,C:\Users\main\Frentzen\Project\ISD\frentzen\frentzen\training_images_augmented_v2\Sasi\aug_vid0_frame00240_fog_0387.jpg,C:\Users\main\Frentzen\Project\ISD\frentzen\frentzen\artifacts\aligned_faces\enrollment\Sasi\vid0_frame00240_aug_vid0_frame00240_fog_0387.jpg,enrollment,vid0_frame00240,,false,No face detected.
Sasi,C:\Users\main\Frentzen\Project\ISD\frentzen\frentzen\training_images_augmented_v2\Sasi\aug_vid0_frame00240_geometric_0026.jpg,C:\Users\main\Frentzen\Project\ISD\frentzen\frentzen\artifacts\aligned_faces\enrollment\Sasi\vid0_frame00240_aug_vid0_frame00240_geometric_0026.jpg,enrollment,vid0_frame00240,,false,No face detected.
Sasi,C:\Users\main\Frentzen\Project\ISD\frentzen\frentzen\training_images_augmented_v2\Sasi\aug_vid0_frame00240_photometric_0121.jpg,C:\Users\main\Frentzen\Project\ISD\frentzen\frentzen\artifacts\aligned_faces\enrollment\Sasi\vid0_frame00240_aug_vid0_frame00240_photometric_0121.jpg,enrollment,vid0_frame00240,,false,No face detected.
Sasi,C:\Users\main\Frentzen\Project\ISD\frentzen\frentzen\training_images_augmented_v2\Sasi\aug_vid0_frame00240_photometric_0133.jpg,C:\Users\main\Frentzen\Project\ISD\frentzen\frentzen\artifacts\aligned_faces\enrollment\Sasi\vid0_frame00240_aug_vid0_frame00240_photometric_0133.jpg,enrollment,vid0_frame00240,,false,No face detected.
Sasi,C:\Users\main\Frentzen\Project\ISD\frentzen\frentzen\training_images_augmented_v2\Sasi\raw_vid0_frame00240.jpg,C:\Users\main\Frentzen\Project\ISD\frentzen\frentzen\artifacts\aligned_faces\enrollment\Sasi\vid0_frame00240_raw_vid0_frame00240.jpg,enrollment,vid0_frame00240,,false,No face detected.
Sasi,C:\Users\main\Frentzen\Project\ISD\frentzen\frentzen\training_images_augmented_v2\Sasi\aug_vid0_frame00230_geometric_0176.jpg,C:\Users\main\Frentzen\Project\ISD\frentzen\frentzen\artifacts\aligned_faces\enrollment\Sasi\vid0_frame00230_aug_vid0_frame00230_geometric_0176.jpg,enrollment,vid0_frame00230,,false,No face detected.
Sasi,C:\Users\main\Frentzen\Project\ISD\frentzen\frentzen\training_images_augmented_v2\Sasi\aug_vid0_frame00230_rain_0119.jpg,C:\Users\main\Frentzen\Project\ISD\frentzen\frentzen\artifacts\aligned_faces\enrollment\Sasi\vid0_frame00230_aug_vid0_frame00230_rain_0119.jpg,enrollment,vid0_frame00230,,false,No face detected.
Sasi,C:\Users\main\Frentzen\Project\ISD\frentzen\frentzen\training_images_augmented_v2\Sasi\aug_vid0_frame00198_fog_0073.jpg,C:\Users\main\Frentzen\Project\ISD\frentzen\frentzen\artifacts\aligned_faces\validation\Sasi\vid0_frame00198_aug_vid0_frame00198_fog_0073.jpg,validation,vid0_frame00198,,false,No face detected.
Sasi,C:\Users\main\Frentzen\Project\ISD\frentzen\frentzen\training_images_augmented_v2\Sasi\aug_vid0_frame00078_photometric_0163.jpg,C:\Users\main\Frentzen\Project\ISD\frentzen\frentzen\artifacts\aligned_faces\validation\Sasi\vid0_frame00078_aug_vid0_frame00078_photometric_0163.jpg,validation,vid0_frame00078,,false,No face detected.
Sasi,C:\Users\main\Frentzen\Project\ISD\frentzen\frentzen\training_images_augmented_v2\Sasi\aug_vid0_frame00120_photometric_0395.jpg,C:\Users\main\Frentzen\Project\ISD\frentzen\frentzen\artifacts\aligned_faces\validation\Sasi\vid0_frame00120_aug_vid0_frame00120_photometric_0395.jpg,validation,vid0_frame00120,,false,No face detected.
Sasi,C:\Users\main\Frentzen\Project\ISD\frentzen\frentzen\training_images_augmented_v2\Sasi\aug_vid0_frame00322_fog_0172.jpg,C:\Users\main\Frentzen\Project\ISD\frentzen\frentzen\artifacts\aligned_faces\validation\Sasi\vid0_frame00322_aug_vid0_frame00322_fog_0172.jpg,validation,vid0_frame00322,,false,No face detected.
Sasi,C:\Users\main\Frentzen\Project\ISD\frentzen\frentzen\training_images_augmented_v2\Sasi\aug_vid0_frame00322_photometric_0170.jpg,C:\Users\main\Frentzen\Project\ISD\frentzen\frentzen\artifacts\aligned_faces\validation\Sasi\vid0_frame00322_aug_vid0_frame00322_photometric_0170.jpg,validation,vid0_frame00322,,false,No face detected.
Sasi,C:\Users\main\Frentzen\Project\ISD\frentzen\frentzen\training_images_augmented_v2\Sasi\aug_vid0_frame00114_fog_0409.jpg,C:\Users\main\Frentzen\Project\ISD\frentzen\frentzen\artifacts\aligned_faces\validation\Sasi\vid0_frame00114_aug_vid0_frame00114_fog_0409.jpg,validation,vid0_frame00114,,false,No face detected.
Sasi,C:\Users\main\Frentzen\Project\ISD\frentzen\frentzen\training_images_augmented_v2\Sasi\aug_vid0_frame00270_combined_0398.jpg,C:\Users\main\Frentzen\Project\ISD\frentzen\frentzen\artifacts\aligned_faces\validation\Sasi\vid0_frame00270_aug_vid0_frame00270_combined_0398.jpg,validation,vid0_frame00270,,false,No face detected.
Sasi,C:\Users\main\Frentzen\Project\ISD\frentzen\frentzen\training_images_augmented_v2\Sasi\raw_vid0_frame00270.jpg,C:\Users\main\Frentzen\Project\ISD\frentzen\frentzen\artifacts\aligned_faces\validation\Sasi\vid0_frame00270_raw_vid0_frame00270.jpg,validation,vid0_frame00270,,false,No face detected.
Sasi,C:\Users\main\Frentzen\Project\ISD\frentzen\frentzen\training_images_augmented_v2\Sasi\aug_vid0_frame00148_fog_0009.jpg,C:\Users\main\Frentzen\Project\ISD\frentzen\frentzen\artifacts\aligned_faces\validation\Sasi\vid0_frame00148_aug_vid0_frame00148_fog_0009.jpg,validation,vid0_frame00148,,false,No face detected.
Sasi,C:\Users\main\Frentzen\Project\ISD\frentzen\frentzen\training_images_augmented_v2\Sasi\aug_vid0_frame00080_photometric_0437.jpg,C:\Users\main\Frentzen\Project\ISD\frentzen\frentzen\artifacts\aligned_faces\validation\Sasi\vid0_frame00080_aug_vid0_frame00080_photometric_0437.jpg,validation,vid0_frame00080,,false,No face detected.
Sasi,C:\Users\main\Frentzen\Project\ISD\frentzen\frentzen\training_images_augmented_v2\Sasi\aug_vid0_frame00266_fog_0131.jpg,C:\Users\main\Frentzen\Project\ISD\frentzen\frentzen\artifacts\aligned_faces\validation\Sasi\vid0_frame00266_aug_vid0_frame00266_fog_0131.jpg,validation,vid0_frame00266,,false,No face detected.
Sasi,C:\Users\main\Frentzen\Project\ISD\frentzen\frentzen\training_images_augmented_v2\Sasi\aug_vid0_frame00266_geometric_0058.jpg,C:\Users\main\Frentzen\Project\ISD\frentzen\frentzen\artifacts\aligned_faces\validation\Sasi\vid0_frame00266_aug_vid0_frame00266_geometric_0058.jpg,validation,vid0_frame00266,,false,No face detected.
Sasi,C:\Users\main\Frentzen\Project\ISD\frentzen\frentzen\training_images_augmented_v2\Sasi\aug_vid0_frame00266_photometric_0280.jpg,C:\Users\main\Frentzen\Project\ISD\frentzen\frentzen\artifacts\aligned_faces\validation\Sasi\vid0_frame00266_aug_vid0_frame00266_photometric_0280.jpg,validation,vid0_frame00266,,false,No face detected.
Sasi,C:\Users\main\Frentzen\Project\ISD\frentzen\frentzen\training_images_augmented_v2\Sasi\raw_vid0_frame00266.jpg,C:\Users\main\Frentzen\Project\ISD\frentzen\frentzen\artifacts\aligned_faces\validation\Sasi\vid0_frame00266_raw_vid0_frame00266.jpg,validation,vid0_frame00266,,false,No face detected.
Sasi,C:\Users\main\Frentzen\Project\ISD\frentzen\frentzen\training_images_augmented_v2\Sasi\aug_vid0_frame00304_snow_0418.jpg,C:\Users\main\Frentzen\Project\ISD\frentzen\frentzen\artifacts\aligned_faces\validation\Sasi\vid0_frame00304_aug_vid0_frame00304_snow_0418.jpg,validation,vid0_frame00304,,false,No face detected.
Sasi,C:\Users\main\Frentzen\Project\ISD\frentzen\frentzen\training_images_augmented_v2\Sasi\aug_vid0_frame00058_rain_0195.jpg,C:\Users\main\Frentzen\Project\ISD\frentzen\frentzen\artifacts\aligned_faces\validation\Sasi\vid0_frame00058_aug_vid0_frame00058_rain_0195.jpg,validation,vid0_frame00058,,false,No face detected.
Sasi,C:\Users\main\Frentzen\Project\ISD\frentzen\frentzen\training_images_augmented_v2\Sasi\aug_vid0_frame00320_geometric_0003.jpg,C:\Users\main\Frentzen\Project\ISD\frentzen\frentzen\artifacts\aligned_faces\validation\Sasi\vid0_frame00320_aug_vid0_frame00320_geometric_0003.jpg,validation,vid0_frame00320,,false,No face detected.
Sasi,C:\Users\main\Frentzen\Project\ISD\frentzen\frentzen\training_images_augmented_v2\Sasi\aug_vid0_frame00236_rain_0024.jpg,C:\Users\main\Frentzen\Project\ISD\frentzen\frentzen\artifacts\aligned_faces\test\Sasi\vid0_frame00236_aug_vid0_frame00236_rain_0024.jpg,test,vid0_frame00236,,false,No face detected.
Sasi,C:\Users\main\Frentzen\Project\ISD\frentzen\frentzen\training_images_augmented_v2\Sasi\aug_vid0_frame00236_snow_0314.jpg,C:\Users\main\Frentzen\Project\ISD\frentzen\frentzen\artifacts\aligned_faces\test\Sasi\vid0_frame00236_aug_vid0_frame00236_snow_0314.jpg,test,vid0_frame00236,,false,No face detected.
Sasi,C:\Users\main\Frentzen\Project\ISD\frentzen\frentzen\training_images_augmented_v2\Sasi\raw_vid0_frame00236.jpg,C:\Users\main\Frentzen\Project\ISD\frentzen\frentzen\artifacts\aligned_faces\test\Sasi\vid0_frame00236_raw_vid0_frame00236.jpg,test,vid0_frame00236,,false,No face detected.
Sasi,C:\Users\main\Frentzen\Project\ISD\frentzen\frentzen\training_images_augmented_v2\Sasi\aug_vid0_frame00076_fog_0035.jpg,C:\Users\main\Frentzen\Project\ISD\frentzen\frentzen\artifacts\aligned_faces\test\Sasi\vid0_frame00076_aug_vid0_frame00076_fog_0035.jpg,test,vid0_frame00076,,false,No face detected.
Sasi,C:\Users\main\Frentzen\Project\ISD\frentzen\frentzen\training_images_augmented_v2\Sasi\aug_vid0_frame00076_photometric_0014.jpg,C:\Users\main\Frentzen\Project\ISD\frentzen\frentzen\artifacts\aligned_faces\test\Sasi\vid0_frame00076_aug_vid0_frame00076_photometric_0014.jpg,test,vid0_frame00076,,false,No face detected.
Sasi,C:\Users\main\Frentzen\Project\ISD\frentzen\frentzen\training_images_augmented_v2\Sasi\aug_vid0_frame00122_photometric_0391.jpg,C:\Users\main\Frentzen\Project\ISD\frentzen\frentzen\artifacts\aligned_faces\test\Sasi\vid0_frame00122_aug_vid0_frame00122_photometric_0391.jpg,test,vid0_frame00122,,false,No face detected.
Sasi,C:\Users\main\Frentzen\Project\ISD\frentzen\frentzen\training_images_augmented_v2\Sasi\raw_vid0_frame00234.jpg,C:\Users\main\Frentzen\Project\ISD\frentzen\frentzen\artifacts\aligned_faces\test\Sasi\vid0_frame00234_raw_vid0_frame00234.jpg,test,vid0_frame00234,,false,No face detected.
Sasi,C:\Users\main\Frentzen\Project\ISD\frentzen\frentzen\training_images_augmented_v2\Sasi\aug_vid0_frame00312_photometric_0107.jpg,C:\Users\main\Frentzen\Project\ISD\frentzen\frentzen\artifacts\aligned_faces\test\Sasi\vid0_frame00312_aug_vid0_frame00312_photometric_0107.jpg,test,vid0_frame00312,,false,No face detected.
Sasi,C:\Users\main\Frentzen\Project\ISD\frentzen\frentzen\training_images_augmented_v2\Sasi\aug_vid0_frame00312_snow_0042.jpg,C:\Users\main\Frentzen\Project\ISD\frentzen\frentzen\artifacts\aligned_faces\test\Sasi\vid0_frame00312_aug_vid0_frame00312_snow_0042.jpg,test,vid0_frame00312,,false,No face detected.
Sasi,C:\Users\main\Frentzen\Project\ISD\frentzen\frentzen\training_images_augmented_v2\Sasi\aug_vid0_frame00312_snow_0285.jpg,C:\Users\main\Frentzen\Project\ISD\frentzen\frentzen\artifacts\aligned_faces\test\Sasi\vid0_frame00312_aug_vid0_frame00312_snow_0285.jpg,test,vid0_frame00312,,false,No face detected.
Sasi,C:\Users\main\Frentzen\Project\ISD\frentzen\frentzen\training_images_augmented_v2\Sasi\aug_vid0_frame00090_fog_0207.jpg,C:\Users\main\Frentzen\Project\ISD\frentzen\frentzen\artifacts\aligned_faces\test\Sasi\vid0_frame00090_aug_vid0_frame00090_fog_0207.jpg,test,vid0_frame00090,,false,No face detected.
Sasi,C:\Users\main\Frentzen\Project\ISD\frentzen\frentzen\training_images_augmented_v2\Sasi\aug_vid0_frame00090_snow_0292.jpg,C:\Users\main\Frentzen\Project\ISD\frentzen\frentzen\artifacts\aligned_faces\test\Sasi\vid0_frame00090_aug_vid0_frame00090_snow_0292.jpg,test,vid0_frame00090,,false,No face detected.
Sasi,C:\Users\main\Frentzen\Project\ISD\frentzen\frentzen\training_images_augmented_v2\Sasi\aug_vid0_frame00136_photometric_0278.jpg,C:\Users\main\Frentzen\Project\ISD\frentzen\frentzen\artifacts\aligned_faces\test\Sasi\vid0_frame00136_aug_vid0_frame00136_photometric_0278.jpg,test,vid0_frame00136,,false,No face detected.
Sasi,C:\Users\main\Frentzen\Project\ISD\frentzen\frentzen\training_images_augmented_v2\Sasi\aug_vid0_frame00050_rain_0385.jpg,C:\Users\main\Frentzen\Project\ISD\frentzen\frentzen\artifacts\aligned_faces\test\Sasi\vid0_frame00050_aug_vid0_frame00050_rain_0385.jpg,test,vid0_frame00050,,false,No face detected.
Sasi,C:\Users\main\Frentzen\Project\ISD\frentzen\frentzen\training_images_augmented_v2\Sasi\aug_vid0_frame00164_fog_0022.jpg,C:\Users\main\Frentzen\Project\ISD\frentzen\frentzen\artifacts\aligned_faces\test\Sasi\vid0_frame00164_aug_vid0_frame00164_fog_0022.jpg,test,vid0_frame00164,,false,No face detected.
Sasi,C:\Users\main\Frentzen\Project\ISD\frentzen\frentzen\training_images_augmented_v2\Sasi\aug_vid0_frame00232_geometric_0046.jpg,C:\Users\main\Frentzen\Project\ISD\frentzen\frentzen\artifacts\aligned_faces\test\Sasi\vid0_frame00232_aug_vid0_frame00232_geometric_0046.jpg,test,vid0_frame00232,,false,No face detected.
Sasi,C:\Users\main\Frentzen\Project\ISD\frentzen\frentzen\training_images_augmented_v2\Sasi\aug_vid0_frame00232_geometric_0199.jpg,C:\Users\main\Frentzen\Project\ISD\frentzen\frentzen\artifacts\aligned_faces\test\Sasi\vid0_frame00232_aug_vid0_frame00232_geometric_0199.jpg,test,vid0_frame00232,,false,No face detected.
Sasi,C:\Users\main\Frentzen\Project\ISD\frentzen\frentzen\training_images_augmented_v2\Sasi\aug_vid0_frame00232_rain_0018.jpg,C:\Users\main\Frentzen\Project\ISD\frentzen\frentzen\artifacts\aligned_faces\test\Sasi\vid0_frame00232_aug_vid0_frame00232_rain_0018.jpg,test,vid0_frame00232,,false,No face detected.
Sasi,C:\Users\main\Frentzen\Project\ISD\frentzen\frentzen\training_images_augmented_v2\Sasi\raw_vid0_frame00232.jpg,C:\Users\main\Frentzen\Project\ISD\frentzen\frentzen\artifacts\aligned_faces\test\Sasi\vid0_frame00232_raw_vid0_frame00232.jpg,test,vid0_frame00232,,false,No face detected.
Sasi,C:\Users\main\Frentzen\Project\ISD\frentzen\frentzen\training_images_augmented_v2\Sasi\aug_vid0_frame00268_combined_0020.jpg,C:\Users\main\Frentzen\Project\ISD\frentzen\frentzen\artifacts\aligned_faces\test\Sasi\vid0_frame00268_aug_vid0_frame00268_combined_0020.jpg,test,vid0_frame00268,,false,No face detected.
Sasi,C:\Users\main\Frentzen\Project\ISD\frentzen\frentzen\training_images_augmented_v2\Sasi\aug_vid0_frame00268_combined_0274.jpg,C:\Users\main\Frentzen\Project\ISD\frentzen\frentzen\artifacts\aligned_faces\test\Sasi\vid0_frame00268_aug_vid0_frame00268_combined_0274.jpg,test,vid0_frame00268,,false,No face detected.
Sasi,C:\Users\main\Frentzen\Project\ISD\frentzen\frentzen\training_images_augmented_v2\Sasi\aug_vid0_frame00268_combined_0343.jpg,C:\Users\main\Frentzen\Project\ISD\frentzen\frentzen\artifacts\aligned_faces\test\Sasi\vid0_frame00268_aug_vid0_frame00268_combined_0343.jpg,test,vid0_frame00268,,false,No face detected.
Sasi,C:\Users\main\Frentzen\Project\ISD\frentzen\frentzen\training_images_augmented_v2\Sasi\aug_vid0_frame00268_geometric_0083.jpg,C:\Users\main\Frentzen\Project\ISD\frentzen\frentzen\artifacts\aligned_faces\test\Sasi\vid0_frame00268_aug_vid0_frame00268_geometric_0083.jpg,test,vid0_frame00268,,false,No face detected.
Sasi,C:\Users\main\Frentzen\Project\ISD\frentzen\frentzen\training_images_augmented_v2\Sasi\aug_vid0_frame00268_geometric_0288.jpg,C:\Users\main\Frentzen\Project\ISD\frentzen\frentzen\artifacts\aligned_faces\test\Sasi\vid0_frame00268_aug_vid0_frame00268_geometric_0288.jpg,test,vid0_frame00268,,false,No face detected.
Sasi,C:\Users\main\Frentzen\Project\ISD\frentzen\frentzen\training_images_augmented_v2\Sasi\aug_vid0_frame00268_photometric_0275.jpg,C:\Users\main\Frentzen\Project\ISD\frentzen\frentzen\artifacts\aligned_faces\test\Sasi\vid0_frame00268_aug_vid0_frame00268_photometric_0275.jpg,test,vid0_frame00268,,false,No face detected.
Sasi,C:\Users\main\Frentzen\Project\ISD\frentzen\frentzen\training_images_augmented_v2\Sasi\aug_vid0_frame00268_photometric_0276.jpg,C:\Users\main\Frentzen\Project\ISD\frentzen\frentzen\artifacts\aligned_faces\test\Sasi\vid0_frame00268_aug_vid0_frame00268_photometric_0276.jpg,test,vid0_frame00268,,false,No face detected.
Sasi,C:\Users\main\Frentzen\Project\ISD\frentzen\frentzen\training_images_augmented_v2\Sasi\raw_vid0_frame00268.jpg,C:\Users\main\Frentzen\Project\ISD\frentzen\frentzen\artifacts\aligned_faces\test\Sasi\vid0_frame00268_raw_vid0_frame00268.jpg,test,vid0_frame00268,,false,No face detected.
Sasi,C:\Users\main\Frentzen\Project\ISD\frentzen\frentzen\training_images_augmented_v2\Sasi\aug_vid0_frame00272_geometric_0329.jpg,C:\Users\main\Frentzen\Project\ISD\frentzen\frentzen\artifacts\aligned_faces\test\Sasi\vid0_frame00272_aug_vid0_frame00272_geometric_0329.jpg,test,vid0_frame00272,,false,No face detected.
Sasi,C:\Users\main\Frentzen\Project\ISD\frentzen\frentzen\training_images_augmented_v2\Sasi\aug_vid0_frame00272_occlusion_0312.jpg,C:\Users\main\Frentzen\Project\ISD\frentzen\frentzen\artifacts\aligned_faces\test\Sasi\vid0_frame00272_aug_vid0_frame00272_occlusion_0312.jpg,test,vid0_frame00272,,false,No face detected.
Sasi,C:\Users\main\Frentzen\Project\ISD\frentzen\frentzen\training_images_augmented_v2\Sasi\aug_vid0_frame00272_photometric_0109.jpg,C:\Users\main\Frentzen\Project\ISD\frentzen\frentzen\artifacts\aligned_faces\test\Sasi\vid0_frame00272_aug_vid0_frame00272_photometric_0109.jpg,test,vid0_frame00272,,false,No face detected.
Sasi,C:\Users\main\Frentzen\Project\ISD\frentzen\frentzen\training_images_augmented_v2\Sasi\raw_vid0_frame00272.jpg,C:\Users\main\Frentzen\Project\ISD\frentzen\frentzen\artifacts\aligned_faces\test\Sasi\vid0_frame00272_raw_vid0_frame00272.jpg,test,vid0_frame00272,,false,No face detected.
Sasi,C:\Users\main\Frentzen\Project\ISD\frentzen\frentzen\training_images_augmented_v2\Sasi\aug_vid0_frame00316_combined_0251.jpg,C:\Users\main\Frentzen\Project\ISD\frentzen\frentzen\artifacts\aligned_faces\test\Sasi\vid0_frame00316_aug_vid0_frame00316_combined_0251.jpg,test,vid0_frame00316,,false,No face detected.
Sasi,C:\Users\main\Frentzen\Project\ISD\frentzen\frentzen\training_images_augmented_v2\Sasi\aug_vid0_frame00128_photometric_0183.jpg,C:\Users\main\Frentzen\Project\ISD\frentzen\frentzen\artifacts\aligned_faces\test\Sasi\vid0_frame00128_aug_vid0_frame00128_photometric_0183.jpg,test,vid0_frame00128,,false,No face detected.
